,Id,Name,Year,Rating,Genres,Popularity,Metascore,Director,Writers,Stars,Gross,Budget,Link
0,1,The Shawshank Redemption,1994,9.3,Drama,82,81,Frank Darabont,"Stephen King(based on the short novel ""Rita Hayworth and the Shawshank Redemption"" by)Frank Darabont(screenplay by)","Tim Robbins, Morgan Freeman, Bob Gunton",28884504,25000000,https://www.imdb.com/title/tt0111161/
1,2,The Godfather,1972,9.2,"Crime, Drama",97,100,Francis Ford Coppola,Mario Puzo(screenplay by)Francis Ford Coppola(screenplay by),"Marlon Brando, Al Pacino, James Caan",250341816,6000000,https://www.imdb.com/title/tt0068646/
2,3,The Dark Knight,2008,9.0,"Action, Crime, Drama",136,84,Christopher Nolan,Jonathan Nolan(screenplay)Christopher Nolan(screenplay)David S. Goyer(story),"Christian Bale, Heath Ledger, Aaron Eckhart",1006234167,185000000,https://www.imdb.com/title/tt0468569/
3,4,The Godfather Part II,1974,9.0,"Crime, Drama",548,90,Francis Ford Coppola,Francis Ford Coppola(screenplay by)Mario Puzo(screenplay by),"Al Pacino, Robert De Niro, Robert Duvall",47961919,13000000,https://www.imdb.com/title/tt0071562/
4,5,12 Angry Men,1957,9.0,"Crime, Drama",340,96,Sidney Lumet,"Reginald Rose(teleplay ""Twelve Angry Men"")","Henry Fonda, Lee J. Cobb, Martin Balsam",955,350000,https://www.imdb.com/title/tt0050083/
5,6,Schindler's List,1993,9.0,"Biography, Drama, History",256,94,Steven Spielberg,Thomas Keneally(book)Steven Zaillian(screenplay),"Liam Neeson, Ralph Fiennes, Ben Kingsley",322161245,22000000,https://www.imdb.com/title/tt0108052/
6,7,The Lord of the Rings: The Return of the King,2003,9.0,"Action, Adventure, Drama",247,94,Peter Jackson,"J.R.R. Tolkien(novel ""The Return of the King"")Fran Walsh(screenplay)Philippa Boyens(screenplay)","Elijah Wood, Viggo Mortensen, Ian McKellen",1146436214,94000000,https://www.imdb.com/title/tt0167260/
7,8,Pulp Fiction,1994,8.9,"Crime, Drama",108,94,Quentin Tarantino,Quentin Tarantino(stories by)Roger Avary(stories by),"John Travolta, Uma Thurman, Samuel L. Jackson",213928762,8000000,https://www.imdb.com/title/tt0110912/
8,9,The Lord of the Rings: The Fellowship of the Ring,2001,8.8,"Action, Adventure, Drama",99,92,Peter Jackson,"J.R.R. Tolkien(novel ""The Fellowship of the Ring"")Fran Walsh(screenplay)Philippa Boyens(screenplay)","Elijah Wood, Ian McKellen, Orlando Bloom",898182036,93000000,https://www.imdb.com/title/tt0120737/
9,10,"Il buono, il brutto, il cattivo",1966,8.8,"Adventure, Western",631,90,Sergio Leone,Luciano Vincenzoni(story)Sergio Leone(story)Agenore Incrocci(screenplay),"Clint Eastwood, Eli Wallach, Lee Van Cleef",25253887,1200000,https://www.imdb.com/title/tt0060196/
10,11,Forrest Gump,1994,8.8,"Drama, Romance",201,82,Robert Zemeckis,Winston Groom(novel)Eric Roth(screenplay),"Tom Hanks, Robin Wright, Gary Sinise",678226465,55000000,https://www.imdb.com/title/tt0109830/
11,12,Fight Club,1999,8.8,Drama,137,66,David Fincher,Chuck Palahniuk(based on the novel by)Jim Uhls(screenplay by),"Brad Pitt, Edward Norton, Meat Loaf",101209702,63000000,https://www.imdb.com/title/tt0137523/
12,13,The Lord of the Rings: The Two Towers,2002,8.8,"Action, Adventure, Drama",385,87,Peter Jackson,"J.R.R. Tolkien(novel ""The Two Towers"")Fran Walsh(screenplay)Philippa Boyens(screenplay)","Elijah Wood, Ian McKellen, Viggo Mortensen",947939315,94000000,https://www.imdb.com/title/tt0167261/
13,14,Inception,2010,8.8,"Action, Adventure, Sci-Fi",182,74,Christopher Nolan,Christopher Nolan,"Leonardo DiCaprio, Joseph Gordon-Levitt, Elliot Page",836848102,160000000,https://www.imdb.com/title/tt1375666/
14,15,The Empire Strikes Back,1980,8.7,"Action, Adventure, Fantasy",1041,82,Irvin Kershner,Leigh Brackett(screenplay by)Lawrence Kasdan(screenplay by)George Lucas(story by),"Mark Hamill, Harrison Ford, Carrie Fisher",538375067,18000000,https://www.imdb.com/title/tt0080684/
15,16,The Matrix,1999,8.7,"Action, Sci-Fi",295,73,Lana WachowskiLilly Wachowski,Lilly WachowskiLana Wachowski,"Keanu Reeves, Laurence Fishburne, Carrie-Anne Moss",467222728,63000000,https://www.imdb.com/title/tt0133093/
16,17,Goodfellas,1990,8.7,"Biography, Crime, Drama",192,90,Martin Scorsese,"Nicholas Pileggi(book ""Wiseguy"")Martin Scorsese(screenplay)","Robert De Niro, Ray Liotta, Joe Pesci",47036784,25000000,https://www.imdb.com/title/tt0099685/
17,18,One Flew Over the Cuckoo's Nest,1975,8.7,Drama,439,84,Milos Forman,Lawrence Hauben(screenplay)Bo Goldman(screenplay)Ken Kesey(based on the novel by),"Jack Nicholson, Louise Fletcher, Michael Berryman",109114817,3000000,https://www.imdb.com/title/tt0073486/
18,19,Se7en,1995,8.6,"Crime, Drama, Mystery",204,65,David Fincher,Andrew Kevin Walker,"Morgan Freeman, Brad Pitt, Kevin Spacey",327333559,33000000,https://www.imdb.com/title/tt0114369/
19,20,Shichinin no samurai,1954,8.6,"Action, Drama",1829,98,Akira Kurosawa,Akira Kurosawa(screenplay by)Shinobu Hashimoto(screenplay by)Hideo Oguni(screenplay by),"Toshirô Mifune, Takashi Shimura, Keiko Tsushima",346258,125000000,https://www.imdb.com/title/tt0047478/
20,21,It's a Wonderful Life,1946,8.6,"Drama, Family, Fantasy",1044,89,Frank Capra,Frances Goodrich(screenplay by)Albert Hackett(screenplay by)Frank Capra(screenplay by),"James Stewart, Donna Reed, Lionel Barrymore",6184298,3180000,https://www.imdb.com/title/tt0038650/
21,22,The Silence of the Lambs,1991,8.6,"Crime, Drama, Thriller",144,85,Jonathan Demme,Thomas Harris(based on the novel by)Ted Tally(screenplay by),"Jodie Foster, Anthony Hopkins, Lawrence A. Bonney",272742922,19000000,https://www.imdb.com/title/tt0102926/
22,23,Cidade de Deus,2002,8.6,"Crime, Drama",433,79,Fernando MeirellesKátia Lund(co-director),Paulo Lins(novel)Bráulio Mantovani(screenplay),"Alexandre Rodrigues, Leandro Firmino, Matheus Nachtergaele",30680793,3300000,https://www.imdb.com/title/tt0317248/
23,24,Saving Private Ryan,1998,8.6,"Drama, War",482,91,Steven Spielberg,Robert Rodat,"Tom Hanks, Matt Damon, Tom Sizemore",482349603,70000000,https://www.imdb.com/title/tt0120815/
24,25,La vita è bella,1997,8.6,"Comedy, Drama, Romance",647,59,Roberto Benigni,Vincenzo Cerami(story by)Roberto Benigni(story by),"Roberto Benigni, Nicoletta Braschi, Giorgio Cantarini",230098753,20000000,https://www.imdb.com/title/tt0118799/
25,26,Interstellar,2014,8.6,"Adventure, Drama, Sci-Fi",101,74,Christopher Nolan,Jonathan NolanChristopher Nolan,"Matthew McConaughey, Anne Hathaway, Jessica Chastain",773897851,165000000,https://www.imdb.com/title/tt0816692/
26,27,The Green Mile,1999,8.6,"Crime, Drama, Fantasy",367,61,Frank Darabont,Stephen King(novel)Frank Darabont(screenplay),"Tom Hanks, Michael Clarke Duncan, David Morse",286801374,60000000,https://www.imdb.com/title/tt0120689/
27,28,Star Wars,1977,8.6,"Action, Adventure, Fantasy",360,90,George Lucas,George Lucas,"Mark Hamill, Harrison Ford, Carrie Fisher",775398007,11000000,https://www.imdb.com/title/tt0076759/
28,29,Terminator 2: Judgment Day,1991,8.6,"Action, Sci-Fi",543,75,James Cameron,James CameronWilliam Wisher,"Arnold Schwarzenegger, Linda Hamilton, Edward Furlong",520881154,102000000,https://www.imdb.com/title/tt0103064/
29,30,Back to the Future,1985,8.5,"Adventure, Comedy, Sci-Fi",196,87,Robert Zemeckis,Robert ZemeckisBob Gale,"Michael J. Fox, Christopher Lloyd, Lea Thompson",383336762,19000000,https://www.imdb.com/title/tt0088763/
30,31,Sen to Chihiro no kamikakushi,2001,8.6,"Animation, Adventure, Family",355,96,Hayao Miyazaki,Hayao Miyazaki,"Daveigh Chase, Suzanne Pleshette, Miyu Irino",355725195,19000000,https://www.imdb.com/title/tt0245429/
31,32,Psycho,1960,8.5,"Horror, Mystery, Thriller",281,97,Alfred Hitchcock,Joseph Stefano(screenplay by)Robert Bloch(based on the novel by),"Anthony Perkins, Janet Leigh, Vera Miles",32052925,806947,https://www.imdb.com/title/tt0054215/
32,33,The Pianist,2002,8.5,"Biography, Drama, Music",712,85,Roman Polanski,Ronald Harwood(screenplay by)Wladyslaw Szpilman(based on the book by),"Adrien Brody, Thomas Kretschmann, Frank Finlay",120072577,35000000,https://www.imdb.com/title/tt0253474/
33,34,Gisaengchung,2019,8.5,"Drama, Thriller",172,96,Bong Joon Ho,Bong Joon Ho(story by)Han Jin-won(screenplay by),"Song Kang-ho, Lee Sun-kyun, Cho Yeo-jeong",262676096,11400000,https://www.imdb.com/title/tt6751668/
34,35,Léon,1994,8.5,"Action, Crime, Drama",255,64,Luc Besson,Luc Besson,"Jean Reno, Gary Oldman, Natalie Portman",19569225,115000000,https://www.imdb.com/title/tt0110413/
35,36,The Lion King,1994,8.5,"Animation, Adventure, Drama",563,88,Roger AllersRob Minkoff,Irene Mecchi(screenplay by)Jonathan Roberts(screenplay by)Linda Woolverton(screenplay by),"Matthew Broderick, Jeremy Irons, James Earl Jones",1063611805,45000000,https://www.imdb.com/title/tt0110357/
36,37,Gladiator,2000,8.5,"Action, Adventure, Drama",272,67,Ridley Scott,David Franzoni(story)John Logan(screenplay)William Nicholson(screenplay),"Russell Crowe, Joaquin Phoenix, Connie Nielsen",465380802,103000000,https://www.imdb.com/title/tt0172495/
37,38,American History X,1998,8.5,"Crime, Drama",655,62,Tony Kaye,David McKenna,"Edward Norton, Edward Furlong, Beverly D'Angelo",23875127,20000000,https://www.imdb.com/title/tt0120586/
38,39,The Departed,2006,8.5,"Crime, Drama, Thriller",345,85,Martin Scorsese,William Monahan(screenplay)Alan Mak(2002 screenplay Mou gaan dou)Felix Chong(2002 screenplay Mou gaan dou),"Leonardo DiCaprio, Matt Damon, Jack Nicholson",291480452,90000000,https://www.imdb.com/title/tt0407887/
39,40,The Usual Suspects,1995,8.5,"Crime, Drama, Mystery",479,77,Bryan Singer,Christopher McQuarrie,"Kevin Spacey, Gabriel Byrne, Chazz Palminteri",23341568,6000000,https://www.imdb.com/title/tt0114814/
40,41,The Prestige,2006,8.5,"Drama, Mystery, Sci-Fi",361,66,Christopher Nolan,Jonathan Nolan(screenplay)Christopher Nolan(screenplay)Christopher Priest(novel),"Christian Bale, Hugh Jackman, Scarlett Johansson",109676311,40000000,https://www.imdb.com/title/tt0482571/
41,42,Whiplash,2014,8.5,"Drama, Music",257,88,Damien Chazelle,Damien Chazelle,"Miles Teller, J.K. Simmons, Melissa Benoist",49396747,3300000,https://www.imdb.com/title/tt2582802/
42,43,Casablanca,1942,8.5,"Drama, Romance, War",983,100,Michael Curtiz,Julius J. Epstein(screenplay)Philip G. Epstein(screenplay)Howard Koch(screenplay),"Humphrey Bogart, Ingrid Bergman, Paul Henreid",4539031,950000,https://www.imdb.com/title/tt0034583/
43,44,The Intouchables,2011,8.5,"Biography, Comedy, Drama",821,57,Olivier NakacheÉric Toledano,Olivier NakachePhilippe Pozzo di Borgo(adapted from his autobiographical tale Le Second Souffle)Éric Toledano,"François Cluzet, Omar Sy, Anne Le Ny",426588510,9500000,https://www.imdb.com/title/tt1675434/
44,45,Seppuku,1962,8.6,"Action, Drama, Mystery",3566,85,Masaki Kobayashi,"Yasuhiko Takiguchi(novel ""Ibun rônin ki"")Shinobu Hashimoto(screenplay)","Tatsuya Nakadai, Akira Ishihama, Shima Iwashita",15222,0,https://www.imdb.com/title/tt0056058/
45,46,Hotaru no haka,1988,8.5,"Animation, Drama, War",1402,94,Isao Takahata,Akiyuki Nosaka(novel)Isao Takahata,"Tsutomu Tatsumi, Ayano Shiraishi, Akemi Yamaguchi",516962,3700000,https://www.imdb.com/title/tt0095327/
46,47,Modern Times,1936,8.5,"Comedy, Drama, Romance",4851,96,Charles Chaplin,Charles Chaplin,"Charles Chaplin, Paulette Goddard, Henry Bergman",463618,1500000,https://www.imdb.com/title/tt0027977/
47,48,Once Upon a Time in the West,1968,8.5,Western,1175,80,Sergio Leone,Sergio Donati(screenplay by)Sergio Leone(screenplay by)Dario Argento(from a story by),"Henry Fonda, Charles Bronson, Claudia Cardinale",5434825,5000000,https://www.imdb.com/title/tt0064116/
48,49,Rear Window,1954,8.5,"Mystery, Thriller",1408,100,Alfred Hitchcock,John Michael Hayes(screenplay)Cornell Woolrich(short story),"James Stewart, Grace Kelly, Wendell Corey",37034579,1000000,https://www.imdb.com/title/tt0047396/
49,50,Alien,1979,8.5,"Horror, Sci-Fi",208,89,Ridley Scott,Dan O'Bannon(screenplay by)Ronald Shusett(story by),"Sigourney Weaver, Tom Skerritt, John Hurt",106285522,11000000,https://www.imdb.com/title/tt0078748/
50,51,City Lights,1931,8.5,"Comedy, Drama, Romance",4906,99,Charles Chaplin,Charles ChaplinHarry Carr(uncredited)Harry Crocker(uncredited),"Charles Chaplin, Virginia Cherrill, Florence Lee",50419,1500000,https://www.imdb.com/title/tt0021749/
51,52,Nuovo Cinema Paradiso,1988,8.5,"Drama, Romance",2180,80,Giuseppe Tornatore,Giuseppe Tornatore(story)Vanna Paoli(collaborating writer),"Philippe Noiret, Enzo Cannavale, Antonella Attili",13019063,5000000,https://www.imdb.com/title/tt0095765/
52,53,Apocalypse Now,1979,8.5,"Drama, Mystery, War",558,94,Francis Ford Coppola,John MiliusFrancis Ford CoppolaMichael Herr(narration),"Martin Sheen, Marlon Brando, Robert Duvall",104729466,31500000,https://www.imdb.com/title/tt0078788/
53,54,Memento,2000,8.4,"Mystery, Thriller",560,80,Christopher Nolan,"Christopher Nolan(screenplay)Jonathan Nolan(short story ""Memento Mori"")","Guy Pearce, Carrie-Anne Moss, Joe Pantoliano",40047078,9000000,https://www.imdb.com/title/tt0209144/
54,55,Raiders of the Lost Ark,1981,8.4,"Action, Adventure",737,85,Steven Spielberg,Lawrence Kasdan(screenplay by)George Lucas(story by)Philip Kaufman(story by),"Harrison Ford, Karen Allen, Paul Freeman",389925971,18000000,https://www.imdb.com/title/tt0082971/
55,56,Django Unchained,2012,8.4,"Drama, Western",317,81,Quentin Tarantino,Quentin Tarantino,"Jamie Foxx, Christoph Waltz, Leonardo DiCaprio",426074373,100000000,https://www.imdb.com/title/tt1853728/
56,57,WALL·E,2008,8.4,"Animation, Adventure, Family",1095,95,Andrew Stanton,Andrew Stanton(original story by)Pete Docter(original story by)Jim Reardon(screenplay by),"Ben Burtt, Elissa Knight, Jeff Garlin",521311890,180000000,https://www.imdb.com/title/tt0910970/
57,58,The Lives of Others,2006,8.4,"Drama, Mystery, Thriller",1265,89,Florian Henckel von Donnersmarck,Florian Henckel von Donnersmarck,"Ulrich Mühe, Martina Gedeck, Sebastian Koch",77356942,2000000,https://www.imdb.com/title/tt0405094/
58,59,Sunset Blvd.,1950,8.4,"Drama, Film-Noir",2793,0,Billy Wilder,Charles BrackettBilly WilderD.M. Marshman Jr.,"William Holden, Gloria Swanson, Erich von Stroheim",300073,1752000,https://www.imdb.com/title/tt0043014/
59,60,Paths of Glory,1957,8.4,"Drama, War",2765,90,Stanley Kubrick,Stanley Kubrick(screenplay)Calder Willingham(screenplay)Jim Thompson(screenplay),"Kirk Douglas, Ralph Meeker, Adolphe Menjou",5252,935000,https://www.imdb.com/title/tt0050825/
60,61,The Great Dictator,1940,8.4,"Comedy, Drama, War",4269,0,Charles Chaplin,Charles Chaplin,"Charles Chaplin, Paulette Goddard, Jack Oakie",970263,2000000,https://www.imdb.com/title/tt0032553/
61,62,The Shining,1980,8.4,"Drama, Horror",64,66,Stanley Kubrick,Stephen King(based upon the novel by)Stanley Kubrick(screenplay by)Diane Johnson(screenplay by),"Jack Nicholson, Shelley Duvall, Danny Lloyd",47334824,19000000,https://www.imdb.com/title/tt0081505/
62,63,Avengers: Infinity War,2018,8.4,"Action, Adventure, Sci-Fi",406,68,Anthony RussoJoe Russo,Christopher Markus(screenplay by)Stephen McFeely(screenplay by)Stan Lee(based on the Marvel comics by),"Robert Downey Jr., Chris Hemsworth, Mark Ruffalo",2048359754,321000000,https://www.imdb.com/title/tt4154756/
63,64,Witness for the Prosecution,1957,8.4,"Crime, Drama, Mystery",3542,76,Billy Wilder,Agatha Christie(in Agatha Christie's international stage success)Billy Wilder(screen play)Harry Kurnitz(screen play),"Tyrone Power, Marlene Dietrich, Charles Laughton",7693,3000000,https://www.imdb.com/title/tt0051201/
64,65,Aliens,1986,8.4,"Action, Adventure, Sci-Fi",388,84,James Cameron,James Cameron(story by)David Giler(story by)Walter Hill(story by),"Sigourney Weaver, Michael Biehn, Carrie Henn",131060248,18500000,https://www.imdb.com/title/tt0090605/
65,66,American Beauty,1999,8.4,Drama,205,84,Sam Mendes,Alan Ball,"Kevin Spacey, Annette Bening, Thora Birch",356296601,15000000,https://www.imdb.com/title/tt0169547/
66,67,Spider-Man: Into the Spider-Verse,2018,8.4,"Animation, Action, Adventure",453,87,Bob PersichettiPeter RamseyRodney Rothman,Phil Lord(screenplay by)Rodney Rothman(screenplay by),"Shameik Moore, Jake Johnson, Hailee Steinfeld",384256930,90000000,https://www.imdb.com/title/tt4633694/
67,68,Dr. Strangelove or: How I Learned to Stop Worrying and Love the Bomb,1964,8.4,"Comedy, War",1401,97,Stanley Kubrick,Stanley Kubrick(screenplay)Terry Southern(screenplay)Peter George(screenplay),"Peter Sellers, George C. Scott, Sterling Hayden",9523464,1800000,https://www.imdb.com/title/tt0057012/
68,69,The Dark Knight Rises,2012,8.4,"Action, Drama",461,78,Christopher Nolan,Jonathan Nolan(screenplay)Christopher Nolan(screenplay)David S. Goyer(story),"Christian Bale, Tom Hardy, Anne Hathaway",1081169825,250000000,https://www.imdb.com/title/tt1345836/
69,70,Oldeuboi,2003,8.4,"Action, Drama, Mystery",431,77,Park Chan-wook,"Garon Tsuchiya(manga)Nobuaki Minegishi(manga)Park Chan-wook(character created by: Oldboy, Vengeance Trilogy)","Choi Min-sik, Yoo Ji-tae, Kang Hye-jeong",15415204,3000000,https://www.imdb.com/title/tt0364569/
70,71,Joker,2019,8.4,"Crime, Drama, Thriller",164,59,Todd Phillips,Todd PhillipsScott SilverBob Kane(based on characters created by),"Joaquin Phoenix, Robert De Niro, Zazie Beetz",1104931061,55000000,https://www.imdb.com/title/tt7286456/
71,72,Amadeus,1984,8.4,"Biography, Drama, Music",605,88,Milos Forman,Peter Shaffer(original stage play)Zdenek Mahler(uncredited),"F. Murray Abraham, Tom Hulce, Elizabeth Berridge",52066791,18000000,https://www.imdb.com/title/tt0086879/
72,73,Inglourious Basterds,2009,8.3,"Adventure, Drama, War",234,69,Quentin Tarantino,Quentin Tarantino,"Brad Pitt, Diane Kruger, Eli Roth",321457747,70000000,https://www.imdb.com/title/tt0361748/
73,74,Coco,2017,8.4,"Animation, Adventure, Comedy",127,81,Lee UnkrichAdrian Molina(co-directed by),Lee Unkrich(original story by)Jason Katz(original story by)Matthew Aldrich(original story by),"Anthony Gonzalez, Gael García Bernal, Benjamin Bratt",807817888,175000000,https://www.imdb.com/title/tt2380307/
74,75,Toy Story,1995,8.3,"Animation, Adventure, Comedy",653,95,John Lasseter,John Lasseter(original story by)Pete Docter(original story by)Andrew Stanton(original story by),"Tom Hanks, Tim Allen, Don Rickles",394436586,30000000,https://www.imdb.com/title/tt0114709/
75,76,Braveheart,1995,8.4,"Biography, Drama, History",535,68,Mel Gibson,Randall Wallace,"Mel Gibson, Sophie Marceau, Patrick McGoohan",213216216,72000000,https://www.imdb.com/title/tt0112573/
76,77,Das Boot,1981,8.4,"Drama, War",2112,86,Wolfgang Petersen,Wolfgang PetersenLothar G. Buchheim(based on the novel by),"Jürgen Prochnow, Herbert Grönemeyer, Klaus Wennemann",11487676,32000000,https://www.imdb.com/title/tt0082096/
77,78,Avengers: Endgame,2019,8.4,"Action, Adventure, Drama",180,78,Anthony RussoJoe Russo,Christopher Markus(screenplay by)Stephen McFeely(screenplay by)Stan Lee(based on the Marvel comics by),"Robert Downey Jr., Chris Evans, Mark Ruffalo",2797501328,356000000,https://www.imdb.com/title/tt4154796/
78,79,Mononoke-hime,1997,8.4,"Animation, Action, Adventure",1807,76,Hayao Miyazaki,Hayao Miyazaki(original story)Neil Gaiman(adapted by: English version),"Yôji Matsuda, Yuriko Ishida, Yûko Tanaka",170005875,2400000000,https://www.imdb.com/title/tt0119698/
79,80,Once Upon a Time in America,1984,8.3,"Crime, Drama",957,75,Sergio Leone,"Harry Grey(based on novel ""The Hoods"" by)Leonardo Benvenuti(screenplay by)Piero De Bernardi(screenplay by)","Robert De Niro, James Woods, Elizabeth McGovern",5473337,30000000,https://www.imdb.com/title/tt0087843/
80,81,Top Gun: Maverick,2022,8.4,"Action, Drama",28,78,Joseph Kosinski,Jim Cash(based on characters created by)Jack Epps Jr.(based on characters created by)Peter Craig(story by),"Tom Cruise, Jennifer Connelly, Miles Teller",1486657763,170000000,https://www.imdb.com/title/tt1745960/
81,82,Good Will Hunting,1997,8.3,"Drama, Romance",413,70,Gus Van Sant,Matt DamonBen Affleck,"Robin Williams, Matt Damon, Ben Affleck",225933435,10000000,https://www.imdb.com/title/tt0119217/
82,83,Kimi no na wa.,2016,8.4,"Animation, Drama, Fantasy",853,79,Makoto Shinkai,Makoto Shinkai(based on his novel)Clark Cheng(english script),"Ryûnosuke Kamiki, Mone Kamishiraishi, Ryô Narita",358180115,370000000,https://www.imdb.com/title/tt5311514/
83,84,Requiem for a Dream,2000,8.3,Drama,356,68,Darren Aronofsky,Hubert Selby Jr.(based on the book by)Darren Aronofsky(screenplay),"Ellen Burstyn, Jared Leto, Jennifer Connelly",7390108,4500000,https://www.imdb.com/title/tt0180093/
84,85,Toy Story 3,2010,8.3,"Animation, Adventure, Comedy",1715,92,Lee Unkrich,John Lasseter(story by)Andrew Stanton(story by)Lee Unkrich(story by),"Tom Hanks, Tim Allen, Joan Cusack",1066970811,200000000,https://www.imdb.com/title/tt0435761/
85,86,Singin' in the Rain,1952,8.3,"Comedy, Musical, Romance",820,99,Stanley DonenGene Kelly,Betty Comden(story by)Adolph Green(story by),"Gene Kelly, Donald O'Connor, Debbie Reynolds",1985921,2540800,https://www.imdb.com/title/tt0045152/
86,87,3 Idiots,2009,8.4,"Comedy, Drama",1158,67,Rajkumar Hirani,Rajkumar Hirani(screenplay)Abhijat Joshi(screenplay)Vidhu Vinod Chopra(screenplay associate),"Aamir Khan, Madhavan, Mona Singh",60262836,550000000,https://www.imdb.com/title/tt1187043/
87,88,Tengoku to jigoku,1963,8.4,"Crime, Drama, Mystery",0,90,Akira Kurosawa,Hideo Oguni(screenplay)Ryûzô Kikushima(screenplay)Eijirô Hisaita(screenplay),"Toshirô Mifune, Yutaka Sada, Tatsuya Nakadai",46808,0,https://www.imdb.com/title/tt0057565/
88,89,Star Wars: Episode VI - Return of the Jedi,1983,8.3,"Action, Adventure, Fantasy",1153,58,Richard Marquand,Lawrence Kasdan(screenplay by)George Lucas(screenplay by),"Mark Hamill, Harrison Ford, Carrie Fisher",475106177,32500000,https://www.imdb.com/title/tt0086190/
89,90,Eternal Sunshine of the Spotless Mind,2004,8.3,"Drama, Romance, Sci-Fi",452,89,Michel Gondry,Charlie Kaufman(story)Michel Gondry(story)Pierre Bismuth(story),"Jim Carrey, Kate Winslet, Tom Wilkinson",74036715,20000000,https://www.imdb.com/title/tt0338013/
90,91,2001: A Space Odyssey,1968,8.3,"Adventure, Sci-Fi",626,84,Stanley Kubrick,Stanley Kubrick(screenplay by)Arthur C. Clarke(screenplay by),"Keir Dullea, Gary Lockwood, William Sylvester",65886138,12000000,https://www.imdb.com/title/tt0062622/
91,92,Capharnaüm,2018,8.4,Drama,1542,75,Nadine Labaki,Nadine Labaki(screenplay)Jihad Hojeily(screenplay)Michelle Keserwany(screenplay),"Zain Al Rafeea, Yordanos Shiferaw, Boluwatife Treasure Bankole",64417003,4000000,https://www.imdb.com/title/tt8267604/
92,93,Reservoir Dogs,1992,8.3,"Crime, Thriller",665,79,Quentin Tarantino,Quentin Tarantino(background radio dialogue written by)Roger Avary(background radio dialogue written by),"Harvey Keitel, Tim Roth, Michael Madsen",2913644,1200000,https://www.imdb.com/title/tt0105236/
93,94,Jagten,2012,8.3,Drama,566,77,Thomas Vinterberg,Thomas Vinterberg(screenplay)Tobias Lindholm(screenplay),"Mads Mikkelsen, Thomas Bo Larsen, Annika Wedderkopp",15886373,3800000,https://www.imdb.com/title/tt2106476/
94,95,Citizen Kane,1941,8.3,"Drama, Mystery",1735,100,Orson Welles,Herman J. Mankiewicz(original screen play)Orson Welles(original screen play)John Houseman(contributing writer),"Orson Welles, Joseph Cotten, Dorothy Comingore",1645133,839727,https://www.imdb.com/title/tt0033467/
95,96,M - Eine Stadt sucht einen Mörder,1931,8.3,"Crime, Mystery, Thriller",2726,0,Fritz Lang,Thea von Harbou(script)Fritz Lang(script)Egon Jacobsohn(article),"Peter Lorre, Ellen Widmann, Inge Landgut",35566,0,https://www.imdb.com/title/tt0022100/
96,97,Idi i smotri,1985,8.4,"Drama, Thriller, War",641,0,Elem Klimov,Ales Adamovich(story)Elem Klimov(screenplay),"Aleksey Kravchenko, Olga Mironova, Liubomiras Laucevicius",20929648,0,https://www.imdb.com/title/tt0091251/
97,98,Lawrence of Arabia,1962,8.3,"Adventure, Biography, Drama",1315,100,David Lean,Robert Bolt(screenplay by)Michael Wilson(screenplay by),"Peter O'Toole, Alec Guinness, Anthony Quinn",45716692,15000000,https://www.imdb.com/title/tt0056172/
98,99,North by Northwest,1959,8.3,"Action, Adventure, Mystery",1630,98,Alfred Hitchcock,Ernest Lehman,"Cary Grant, Eva Marie Saint, James Mason",142319,3101000,https://www.imdb.com/title/tt0053125/
99,100,Vertigo,1958,8.3,"Mystery, Romance, Thriller",1716,100,Alfred Hitchcock,"Alec Coppel(screenplay by)Samuel A. Taylor(screenplay by)Pierre Boileau(based on the novel ""D'Entre Les Morts"" by)","James Stewart, Kim Novak, Barbara Bel Geddes",7798000,2479000,https://www.imdb.com/title/tt0052357/
100,101,Le fabuleux destin d'Amélie Poulain,2001,8.3,"Comedy, Romance",1085,69,Jean-Pierre Jeunet,Guillaume Laurant(scenario)Jean-Pierre Jeunet(scenario),"Audrey Tautou, Mathieu Kassovitz, Rufus",174122191,10000000,https://www.imdb.com/title/tt0211915/
101,102,A Clockwork Orange,1971,8.3,"Crime, Sci-Fi",316,77,Stanley Kubrick,Stanley Kubrick(screenplay)Anthony Burgess(novel),"Malcolm McDowell, Patrick Magee, Michael Bates",26960374,2200000,https://www.imdb.com/title/tt0066921/
102,103,The Apartment,1960,8.3,"Comedy, Drama, Romance",3448,94,Billy Wilder,Billy WilderI.A.L. Diamond,"Jack Lemmon, Shirley MacLaine, Fred MacMurray",18778738,3000000,https://www.imdb.com/title/tt0053604/
103,104,Double Indemnity,1944,8.3,"Crime, Drama, Film-Noir",3917,95,Billy Wilder,Billy Wilder(screenplay)Raymond Chandler(screenplay)James M. Cain(from the novel by),"Fred MacMurray, Barbara Stanwyck, Edward G. Robinson",14651,927262,https://www.imdb.com/title/tt0036775/
104,105,Ikiru,1952,8.3,Drama,3287,91,Akira Kurosawa,Akira KurosawaShinobu HashimotoHideo Oguni,"Takashi Shimura, Nobuo Kaneko, Shin'ichi Himori",96302,0,https://www.imdb.com/title/tt0044741/
105,106,Full Metal Jacket,1987,8.3,"Drama, War",561,76,Stanley Kubrick,Stanley Kubrick(screenplay by)Michael Herr(screenplay by)Gustav Hasford(screenplay by),"Matthew Modine, R. Lee Ermey, Vincent D'Onofrio",46357676,30000000,https://www.imdb.com/title/tt0093058/
106,107,Hamilton,2020,8.4,"Biography, Drama, History",666,90,Thomas Kail,Lin-Manuel Miranda(book)Ron Chernow(inspired by the book Alexander Hamilton by),"Lin-Manuel Miranda, Phillipa Soo, Leslie Odom Jr.",0,0,https://www.imdb.com/title/tt8503618/
107,108,Scarface,1983,8.3,"Crime, Drama",449,65,Brian De Palma,Oliver Stone(screenplay by)Howard Hawks(1932 screenplay)Ben Hecht(1932 screenplay),"Al Pacino, Michelle Pfeiffer, Steven Bauer",65884703,25000000,https://www.imdb.com/title/tt0086250/
108,109,The Sting,1973,8.3,"Comedy, Crime, Drama",1411,83,George Roy Hill,David S. Ward,"Paul Newman, Robert Redford, Robert Shaw",156000000,5500000,https://www.imdb.com/title/tt0070735/
109,110,To Kill a Mockingbird,1962,8.3,"Crime, Drama",1683,88,Robert Mulligan,"Harper Lee(based on her novel ""To Kill a Mockingbird"")Horton Foote(screenplay by)","Gregory Peck, John Megna, Frank Overton",599146,2000000,https://www.imdb.com/title/tt0056592/
110,111,Up,2009,8.3,"Animation, Adventure, Comedy",1087,88,Pete DocterBob Peterson(co-director),Pete Docter(story by)Bob Peterson(story by)Tom McCarthy(story by),"Edward Asner, Jordan Nagai, John Ratzenberger",735099102,175000000,https://www.imdb.com/title/tt1049413/
111,112,Heat,1995,8.3,"Action, Crime, Drama",547,76,Michael Mann,Michael Mann,"Al Pacino, Robert De Niro, Val Kilmer",187436818,60000000,https://www.imdb.com/title/tt0113277/
112,113,Incendies,2010,8.3,"Drama, Mystery",1337,80,Denis Villeneuve,Denis Villeneuve(scenario)Wajdi Mouawad(play)Valérie Beaugrand-Champagne(collaboration),"Lubna Azabal, Mélissa Désormeaux-Poulin, Maxim Gaudette",6788659,6800000,https://www.imdb.com/title/tt1255953/
113,114,Taxi Driver,1976,8.2,"Crime, Drama",378,94,Martin Scorsese,Paul Schrader,"Robert De Niro, Jodie Foster, Cybill Shepherd",28570902,1300000,https://www.imdb.com/title/tt0075314/
114,115,Jodaeiye Nader az Simin,2011,8.3,Drama,2797,95,Asghar Farhadi,Asghar Farhadi,"Payman Maadi, Leila Hatami, Sareh Bayat",22926076,500000,https://www.imdb.com/title/tt1832382/
115,116,Metropolis,1927,8.3,"Drama, Sci-Fi",1556,98,Fritz Lang,Thea von Harbou(screenplay)Fritz Lang(screenplay),"Brigitte Helm, Alfred Abel, Gustav Fröhlich",1349711,6000000,https://www.imdb.com/title/tt0017136/
116,117,L.A. Confidential,1997,8.2,"Crime, Drama, Mystery",1249,90,Curtis Hanson,James Ellroy(based on the novel by)Brian Helgeland(screenplay by)Curtis Hanson(screenplay by),"Kevin Spacey, Russell Crowe, Guy Pearce",126216940,35000000,https://www.imdb.com/title/tt0119488/
117,118,Snatch,2000,8.2,"Comedy, Crime",536,55,Guy Ritchie,Guy Ritchie,"Jason Statham, Brad Pitt, Stephen Graham",83557872,6000000,https://www.imdb.com/title/tt0208092/
118,119,Die Hard,1988,8.2,"Action, Thriller",746,72,John McTiernan,Roderick Thorp(based on the novel by)Jeb Stuart(screenplay by)Steven E. de Souza(screenplay by),"Bruce Willis, Alan Rickman, Bonnie Bedelia",141603197,28000000,https://www.imdb.com/title/tt0095016/
119,120,Ladri di biciclette,1948,8.3,Drama,0,0,Vittorio De Sica,Cesare Zavattini(story)Luigi Bartolini(novel)Oreste Biancoli(screenplay),"Lamberto Maggiorani, Enzo Staiola, Lianella Carell",436655,133000,https://www.imdb.com/title/tt0040522/
120,121,Indiana Jones and the Last Crusade,1989,8.2,"Action, Adventure",1762,65,Steven Spielberg,Jeffrey Boam(screenplay)George Lucas(story)Menno Meyjes(story),"Harrison Ford, Sean Connery, Alison Doody",474171806,48000000,https://www.imdb.com/title/tt0097576/
121,122,Taare Zameen Par,2007,8.4,"Drama, Family",3999,0,Aamir KhanAmole Gupte(uncredited),Amole Gupte(dialogue & screenplay),"Darsheel Safary, Aamir Khan, Tisca Chopra",21897373,0,https://www.imdb.com/title/tt0986264/
122,123,1917,2019,8.2,"Action, Drama, War",241,78,Sam Mendes,Sam MendesKrysty Wilson-Cairns,"Dean-Charles Chapman, George MacKay, Daniel Mays",384938032,95000000,https://www.imdb.com/title/tt8579674/
123,124,Der Untergang,2004,8.2,"Biography, Drama, History",1051,82,Oliver Hirschbiegel,"Bernd EichingerJoachim Fest(based on the book ""Der Untergang: Hitler und das Ende des Dritten Reiches"" by)Traudl Junge(based on the book ""Bis zur letzten Stunde"" by)","Bruno Ganz, Alexandra Maria Lara, Ulrich Matthes",92181574,13500000,https://www.imdb.com/title/tt0363163/
124,125,Per qualche dollaro in più,1965,8.2,Western,2891,74,Sergio Leone,Sergio Leone(scenario)Fulvio Morsella(scenario)Luciano Vincenzoni(screenplay),"Clint Eastwood, Lee Van Cleef, Gian Maria Volontè",15000000,600000,https://www.imdb.com/title/tt0059578/
125,126,Dangal,2016,8.3,"Action, Biography, Drama",0,0,Nitesh Tiwari,Piyush GuptaShreyas JainNikhil Mehrotra,"Aamir Khan, Sakshi Tanwar, Fatima Sana Shaikh",303723636,700000000,https://www.imdb.com/title/tt5074352/
126,127,Batman Begins,2005,8.2,"Action, Crime, Drama",598,70,Christopher Nolan,Bob Kane(characters)David S. Goyer(story)Christopher Nolan(screenplay),"Christian Bale, Michael Caine, Ken Watanabe",373672993,150000000,https://www.imdb.com/title/tt0372784/
127,128,The Kid,1921,8.3,"Comedy, Drama, Family",0,0,Charles Chaplin,Charles Chaplin,"Charles Chaplin, Edna Purviance, Jackie Coogan",41960,250000,https://www.imdb.com/title/tt0012349/
128,129,Some Like It Hot,1959,8.2,"Comedy, Music, Romance",1532,98,Billy Wilder,Billy Wilder(screenplay)I.A.L. Diamond(screenplay)Robert Thoeren(suggested by a story by),"Marilyn Monroe, Tony Curtis, Jack Lemmon",195088,2883848,https://www.imdb.com/title/tt0053291/
129,130,The Father,2020,8.2,"Drama, Mystery",740,88,Florian Zeller,Christopher Hampton(screenplay by)Florian Zeller(screenplay by),"Anthony Hopkins, Olivia Colman, Mark Gatiss",24682839,6000000,https://www.imdb.com/title/tt10272386/
130,131,All About Eve,1950,8.2,Drama,4157,98,Joseph L. Mankiewicz,"Joseph L. Mankiewicz(written for the screen by)Mary Orr(story ""The Wisdom of Eve"")","Bette Davis, Anne Baxter, George Sanders",151052,1400000,https://www.imdb.com/title/tt0042192/
131,132,Green Book,2018,8.2,"Biography, Comedy, Drama",628,69,Peter Farrelly,Nick VallelongaBrian Hayes CurriePeter Farrelly,"Viggo Mortensen, Mahershala Ali, Linda Cardellini",321752656,23000000,https://www.imdb.com/title/tt6966692/
132,133,The Wolf of Wall Street,2013,8.2,"Biography, Comedy, Crime",150,75,Martin Scorsese,Terence Winter(screenplay)Jordan Belfort(book),"Leonardo DiCaprio, Jonah Hill, Margot Robbie",406878233,100000000,https://www.imdb.com/title/tt0993846/
133,134,Judgment at Nuremberg,1961,8.3,"Drama, War",4944,60,Stanley Kramer,Abby Mann(based on his original story by)Montgomery Clift(uncredited),"Spencer Tracy, Burt Lancaster, Richard Widmark",12180,3000000,https://www.imdb.com/title/tt0055031/
134,135,Ran,1985,8.2,"Action, Drama, War",3636,96,Akira Kurosawa,Akira Kurosawa(screenplay)Hideo Oguni(screenplay)Masato Ide(screenplay),"Tatsuya Nakadai, Akira Terao, Jinpachi Nezu",4164283,11500000,https://www.imdb.com/title/tt0089881/
135,136,Casino,1995,8.2,"Crime, Drama",800,73,Martin Scorsese,Nicholas Pileggi(book)Martin Scorsese(screenplay),"Robert De Niro, Sharon Stone, Joe Pesci",116112375,52000000,https://www.imdb.com/title/tt0112641/
136,137,Pan's Labyrinth,2006,8.2,"Drama, Fantasy, War",260,98,Guillermo del Toro,Guillermo del Toro,"Ivana Baquero, Ariadna Gil, Sergi López",83862032,19000000,https://www.imdb.com/title/tt0457430/
137,138,Unforgiven,1992,8.2,"Drama, Western",1323,85,Clint Eastwood,David Webb Peoples,"Clint Eastwood, Gene Hackman, Morgan Freeman",159167799,14400000,https://www.imdb.com/title/tt0105695/
138,139,There Will Be Blood,2007,8.2,Drama,629,93,Paul Thomas Anderson,"Paul Thomas Anderson(written for the screen by)Upton Sinclair(novel ""Oil!"")","Daniel Day-Lewis, Paul Dano, Ciarán Hinds",76182388,25000000,https://www.imdb.com/title/tt0469494/
139,140,The Truman Show,1998,8.2,"Comedy, Drama",610,90,Peter Weir,Andrew Niccol,"Jim Carrey, Ed Harris, Laura Linney",264118201,60000000,https://www.imdb.com/title/tt0120382/
140,141,The Sixth Sense,1999,8.2,"Drama, Mystery, Thriller",179,64,M. Night Shyamalan,M. Night Shyamalan,"Bruce Willis, Haley Joel Osment, Toni Collette",672806432,40000000,https://www.imdb.com/title/tt0167404/
141,142,Spider-Man: No Way Home,2021,8.3,"Action, Adventure, Fantasy",123,71,Jon Watts,Chris McKennaErik SommersStan Lee(based on the Marvel comic book by),"Tom Holland, Zendaya, Benedict Cumberbatch",1916306995,200000000,https://www.imdb.com/title/tt10872600/
142,143,A Beautiful Mind,2001,8.2,"Biography, Drama",954,72,Ron Howard,Akiva GoldsmanSylvia Nasar(book),"Russell Crowe, Ed Harris, Jennifer Connelly",316791257,58000000,https://www.imdb.com/title/tt0268978/
143,144,Monty Python and the Holy Grail,1975,8.2,"Adventure, Comedy, Fantasy",1647,91,Terry GilliamTerry Jones,Graham ChapmanJohn CleeseEric Idle,"Graham Chapman, John Cleese, Eric Idle",1940906,229575,https://www.imdb.com/title/tt0071853/
144,145,Yôjinbô,1961,8.2,"Action, Drama, Thriller",0,93,Akira Kurosawa,Akira Kurosawa(story)Ryûzô Kikushima(screenplay),"Toshirô Mifune, Eijirô Tôno, Tatsuya Nakadai",46808,0,https://www.imdb.com/title/tt0055630/
145,146,Shutter Island,2010,8.2,"Mystery, Thriller",273,63,Martin Scorsese,Laeta Kalogridis(screenplay)Dennis Lehane(novel),"Leonardo DiCaprio, Emily Mortimer, Mark Ruffalo",294805697,80000000,https://www.imdb.com/title/tt1130884/
146,147,The Treasure of the Sierra Madre,1948,8.2,"Adventure, Drama, Western",0,98,John Huston,John Huston(screenplay)B. Traven(based on the novel by),"Humphrey Bogart, Walter Huston, Tim Holt",5014000,3000000,https://www.imdb.com/title/tt0040897/
147,148,Jurassic Park,1993,8.2,"Action, Adventure, Sci-Fi",219,68,Steven Spielberg,Michael Crichton(novel)David Koepp(screenplay),"Sam Neill, Laura Dern, Jeff Goldblum",1109802321,63000000,https://www.imdb.com/title/tt0107290/
148,149,Rashômon,1950,8.2,"Crime, Drama, Mystery",0,98,Akira Kurosawa,Ryûnosuke Akutagawa(stories Rashomon and In a Grove)Akira Kurosawa(screenplay)Shinobu Hashimoto(screenplay),"Toshirô Mifune, Machiko Kyô, Masayuki Mori",46808,250000,https://www.imdb.com/title/tt0042876/
149,150,The Great Escape,1963,8.2,"Adventure, Drama, History",1903,86,John Sturges,Paul Brickhill(based on the book by)James Clavell(screen play by)W.R. Burnett(screen play by),"Steve McQueen, James Garner, Richard Attenborough",228178,4000000,https://www.imdb.com/title/tt0057115/
150,151,Kill Bill: Vol. 1,2003,8.2,"Action, Crime, Drama",593,69,Quentin Tarantino,"Quentin Tarantino(based on the character ""The Bride"" created by)Uma Thurman(based on the character ""The Bride"" created by)","Uma Thurman, David Carradine, Daryl Hannah",180906076,30000000,https://www.imdb.com/title/tt0266697/
151,152,No Country for Old Men,2007,8.2,"Crime, Drama, Thriller",394,92,Ethan CoenJoel Coen,Joel Coen(screenplay)Ethan Coen(screenplay)Cormac McCarthy(novel),"Tommy Lee Jones, Javier Bardem, Josh Brolin",171627166,25000000,https://www.imdb.com/title/tt0477348/
152,153,Finding Nemo,2003,8.2,"Animation, Adventure, Comedy",1159,90,Andrew StantonLee Unkrich(co-director),Andrew Stanton(original story by)Bob Peterson(screenplay by)David Reynolds(screenplay by),"Albert Brooks, Ellen DeGeneres, Alexander Gould",940352645,94000000,https://www.imdb.com/title/tt0266543/
153,154,The Thing,1982,8.2,"Horror, Mystery, Sci-Fi",131,57,John Carpenter,Bill Lancaster(screenplay)John W. Campbell Jr.(story),"Kurt Russell, Wilford Brimley, Keith David",19632715,15000000,https://www.imdb.com/title/tt0084787/
154,155,The Elephant Man,1980,8.2,"Biography, Drama",2554,78,David Lynch,Christopher De Vore(screenplay)Eric Bergren(screenplay)David Lynch(screenplay),"Anthony Hopkins, John Hurt, Anne Bancroft",26023860,5000000,https://www.imdb.com/title/tt0080678/
155,156,Chinatown,1974,8.2,"Drama, Mystery, Thriller",1540,92,Roman Polanski,Robert TowneRoman Polanski(uncredited),"Jack Nicholson, Faye Dunaway, John Huston",29225935,6000000,https://www.imdb.com/title/tt0071315/
156,157,Raging Bull,1980,8.2,"Biography, Drama, Sport",1948,89,Martin Scorsese,Jake LaMotta(based on the book by)Joseph Carter(with)Peter Savage(with),"Robert De Niro, Cathy Moriarty, Joe Pesci",23402427,18000000,https://www.imdb.com/title/tt0081398/
157,158,V for Vendetta,2005,8.2,"Action, Drama, Sci-Fi",483,62,James McTeigue,Lilly Wachowski(screenplay)Lana Wachowski(screenplay)David Lloyd(graphic novel art),"Hugo Weaving, Natalie Portman, Rupert Graves",132511035,54000000,https://www.imdb.com/title/tt0434409/
158,159,Gone with the Wind,1939,8.2,"Drama, Romance, War",1178,97,Victor FlemingGeorge Cukor(uncredited)Sam Wood(uncredited),"Margaret Mitchell(story of the Old South ""Gone with the Wind"")Sidney Howard(screen play by)Oliver H.P. Garrett(contributing writer)","Clark Gable, Vivien Leigh, Thomas Mitchell",402382193,3977000,https://www.imdb.com/title/tt0031381/
159,160,Inside Out,2015,8.2,"Animation, Adventure, Comedy",773,94,Pete DocterRonnie Del Carmen(co-director),Pete Docter(original story by)Ronnie Del Carmen(original story by)Meg LeFauve(screenplay by),"Amy Poehler, Bill Hader, Lewis Black",858848019,175000000,https://www.imdb.com/title/tt2096673/
160,161,"Lock, Stock and Two Smoking Barrels",1998,8.2,"Action, Comedy, Crime",1203,66,Guy Ritchie,Guy Ritchie,"Jason Flemyng, Dexter Fletcher, Nick Moran",3753929,960000,https://www.imdb.com/title/tt0120735/
161,162,Dial M for Murder,1954,8.2,"Crime, Thriller",1902,75,Alfred Hitchcock,Frederick Knott(screen play by),"Ray Milland, Grace Kelly, Robert Cummings",31207,1400000,https://www.imdb.com/title/tt0046912/
162,163,El secreto de sus ojos,2009,8.2,"Drama, Mystery, Romance",1837,80,Juan José Campanella,Eduardo Sacheri(screenplay)Juan José Campanella(screenplay),"Ricardo Darín, Soledad Villamil, Pablo Rago",35079650,2000000,https://www.imdb.com/title/tt1305806/
163,164,Hauru no ugoku shiro,2004,8.2,"Animation, Adventure, Family",1094,80,Hayao Miyazaki,"Hayao Miyazaki(screenplay)Diana Wynne Jones(novel ""Howl's Moving Castle"")","Chieko Baishô, Takuya Kimura, Tatsuya Gashûin",237536126,24000000,https://www.imdb.com/title/tt0347149/
164,165,The Bridge on the River Kwai,1957,8.2,"Adventure, Drama, War",2622,87,David Lean,"Pierre Boulle(novel ""Le pont de la rivière Kwaï"")Carl Foreman(screenplay)Michael Wilson(screenplay)","William Holden, Alec Guinness, Jack Hawkins",27200000,3000000,https://www.imdb.com/title/tt0050212/
165,166,"Three Billboards Outside Ebbing, Missouri",2017,8.1,"Comedy, Crime, Drama",510,88,Martin McDonagh,Martin McDonagh,"Frances McDormand, Woody Harrelson, Sam Rockwell",160260573,15000000,https://www.imdb.com/title/tt5027774/
166,167,Trainspotting,1996,8.1,Drama,941,83,Danny Boyle,Irvine Welsh(based on the novel by)John Hodge(screenplay),"Ewan McGregor, Ewen Bremner, Jonny Lee Miller",16767475,1500000,https://www.imdb.com/title/tt0117951/
167,168,Warrior,2011,8.2,"Action, Drama, Sport",1099,71,Gavin O'Connor,Gavin O'Connor(screenplay)Anthony Tambakis(screenplay)Cliff Dorfman(screenplay),"Tom Hardy, Nick Nolte, Joel Edgerton",23308615,25000000,https://www.imdb.com/title/tt1291584/
168,169,Gran Torino,2008,8.1,Drama,2009,72,Clint Eastwood,Nick Schenk(screenplay)Dave Johannson(story),"Clint Eastwood, Bee Vang, Christopher Carley",269958228,33000000,https://www.imdb.com/title/tt1205489/
169,170,Fargo,1996,8.1,"Crime, Thriller",784,85,Joel CoenEthan Coen(uncredited),Ethan CoenJoel Coen,"William H. Macy, Frances McDormand, Steve Buscemi",60611975,7000000,https://www.imdb.com/title/tt0116282/
170,171,Prisoners,2013,8.1,"Crime, Drama, Mystery",390,70,Denis Villeneuve,Aaron Guzikowski,"Hugh Jackman, Jake Gyllenhaal, Viola Davis",122126687,46000000,https://www.imdb.com/title/tt1392214/
171,172,Tonari no Totoro,1988,8.1,"Animation, Comedy, Family",2220,86,Hayao Miyazaki,Hayao Miyazaki,"Hitoshi Takagi, Noriko Hidaka, Chika Sakamoto",30574632,3700000,https://www.imdb.com/title/tt0096283/
172,173,Million Dollar Baby,2004,8.1,"Drama, Sport",1895,86,Clint Eastwood,Paul Haggis(screenplay)F.X. Toole(stories from Rope Burns),"Hilary Swank, Clint Eastwood, Morgan Freeman",216763646,30000000,https://www.imdb.com/title/tt0405159/
173,174,Catch Me If You Can,2002,8.1,"Biography, Crime, Drama",744,75,Steven Spielberg,"Jeff Nathanson(screenplay)Frank Abagnale Jr.(book ""Catch Me If You Can: The Amazing True Story of the Youngest and Most Daring Con Man in the History of Fun and Profit"")Stan Redding(book ""Catch Me If You Can: The Amazing True Story of the Youngest and Most Daring Con Man in the History of Fun and Profit"")","Leonardo DiCaprio, Tom Hanks, Christopher Walken",352114312,52000000,https://www.imdb.com/title/tt0264464/
174,175,Bacheha-Ye aseman,1997,8.2,"Drama, Family, Sport",0,77,Majid Majidi,Majid Majidi,"Mohammad Amir Naji, Amir Farrokh Hashemian, Bahare Seddiqi",933933,180000,https://www.imdb.com/title/tt0118849/
175,176,The Gold Rush,1925,8.2,"Adventure, Comedy, Drama",0,0,Charles Chaplin,Charles Chaplin,"Charles Chaplin, Mack Swain, Tom Murray",29328,923000,https://www.imdb.com/title/tt0015864/
176,177,Blade Runner,1982,8.1,"Action, Drama, Sci-Fi",490,84,Ridley Scott,"Hampton Fancher(screenplay)David Webb Peoples(screenplay)Philip K. Dick(novel ""Do Androids Dream of Electric Sheep?"")","Harrison Ford, Rutger Hauer, Sean Young",41722424,20,https://www.imdb.com/title/tt0083658/
177,178,On the Waterfront,1954,8.1,"Crime, Drama, Thriller",3737,91,Elia Kazan,Budd Schulberg(screenplay)Malcolm Johnson(suggested by articles by)Robert Siodmak(uncredited),"Marlon Brando, Karl Malden, Lee J. Cobb",0,910000,https://www.imdb.com/title/tt0047296/
178,179,Before Sunrise,1995,8.1,"Drama, Romance",1221,77,Richard Linklater,Richard LinklaterKim Krizan,"Ethan Hawke, Julie Delpy, Andrea Eckert",5987386,2500000,https://www.imdb.com/title/tt0112471/
179,180,12 Years a Slave,2013,8.1,"Biography, Drama, History",1201,96,Steve McQueen,"John Ridley(screenplay by)Solomon Northup(based on ""Twelve Years a Slave"" by)","Chiwetel Ejiofor, Michael Kenneth Williams, Michael Fassbender",187733202,20000000,https://www.imdb.com/title/tt2024544/
180,181,Harry Potter and the Deathly Hallows: Part 2,2011,8.1,"Adventure, Family, Fantasy",407,85,David Yates,"Steve Kloves(screenplay)J.K. Rowling(novel ""Harry Potter and the Deathly Hallows"")","Daniel Radcliffe, Emma Watson, Rupert Grint",1342359942,125000000,https://www.imdb.com/title/tt1201607/
181,182,Ben-Hur,1959,8.1,"Adventure, Drama",2695,90,William Wyler,Lew Wallace(A Tale of Christ)Karl Tunberg(screen play by)Gore Vidal(contributing writer),"Charlton Heston, Jack Hawkins, Stephen Boyd",74437720,15000000,https://www.imdb.com/title/tt0052618/
182,183,Smultronstället,1957,8.1,"Drama, Romance",0,88,Ingmar Bergman,Ingmar Bergman,"Victor Sjöström, Bibi Andersson, Ingrid Thulin",60418,0,https://www.imdb.com/title/tt0050986/
183,184,The Third Man,1949,8.1,"Film-Noir, Mystery, Thriller",4351,97,Carol Reed,Graham Greene(by)Orson Welles(uncredited)Alexander Korda(story),"Orson Welles, Joseph Cotten, Alida Valli",1226507,0,https://www.imdb.com/title/tt0041959/
184,185,Gone Girl,2014,8.1,"Drama, Mystery, Thriller",475,79,David Fincher,Gillian Flynn(screenplay),"Ben Affleck, Rosamund Pike, Neil Patrick Harris",369330363,61000000,https://www.imdb.com/title/tt2267998/
185,186,The General,1926,8.2,"Action, Adventure, Comedy",0,0,Clyde BruckmanBuster Keaton,Buster KeatonClyde BruckmanAl Boasberg(adapted by),"Buster Keaton, Marion Mack, Glen Cavender",0,750000,https://www.imdb.com/title/tt0017925/
186,187,The Grand Budapest Hotel,2014,8.1,"Adventure, Comedy, Crime",391,88,Wes Anderson,Stefan Zweig(inspired by the writings of)Wes Anderson(screenplay)Hugo Guinness(story),"Ralph Fiennes, F. Murray Abraham, Mathieu Amalric",173082189,25000000,https://www.imdb.com/title/tt2278388/
187,188,The Deer Hunter,1978,8.1,"Drama, War",1526,86,Michael Cimino,Michael Cimino(story)Deric Washburn(story)Louis Garfinkle(story),"Robert De Niro, Christopher Walken, John Cazale",49074379,15000000,https://www.imdb.com/title/tt0077416/
188,189,In the Name of the Father,1993,8.1,"Biography, Crime, Drama",3171,84,Jim Sheridan,"Gerry Conlon(autobiographical book ""Proved Innocent"")Terry George(screenplay)Jim Sheridan(screenplay)","Daniel Day-Lewis, Pete Postlethwaite, Alison Crosbie",65796862,13000000,https://www.imdb.com/title/tt0107207/
189,190,Barry Lyndon,1975,8.1,"Adventure, Drama, War",1378,89,Stanley Kubrick,"Stanley Kubrick(written for the screen by)William Makepeace Thackeray(novel ""The Memoirs of Barry Lyndon, Esq."")","Ryan O'Neal, Marisa Berenson, Patrick Magee",198992,11000000,https://www.imdb.com/title/tt0072684/
190,191,Le salaire de la peur,1953,8.2,"Adventure, Drama, Thriller",0,85,Henri-Georges Clouzot,Georges Arnaud(from the novel by)Henri-Georges Clouzot(adaptation and dialogue)Jérôme Géronimi(adaptation and dialogue),"Yves Montand, Charles Vanel, Peter van Eyck",1098,0,https://www.imdb.com/title/tt0046268/
191,192,Hacksaw Ridge,2016,8.1,"Biography, Drama, History",438,71,Mel Gibson,Robert Schenkkan(screenplay by)Andrew Knight(screenplay by),"Andrew Garfield, Sam Worthington, Luke Bracey",180563636,40000000,https://www.imdb.com/title/tt2119532/
192,193,Klaus,2019,8.1,"Animation, Adventure, Comedy",2354,65,Sergio PablosCarlos Martínez López(co-director),Sergio Pablos(original story by)Jim Mahoney(screenplay by)Zach Lewis(screenplay by),"Jason Schwartzman, J.K. Simmons, Rashida Jones",0,40000000,https://www.imdb.com/title/tt4729430/
193,194,Mr. Smith Goes to Washington,1939,8.1,"Comedy, Drama",0,73,Frank Capra,Sidney Buchman(screen play)Lewis R. Foster(story)Myles Connolly(contributor to screenplay construction and dialogue),"James Stewart, Jean Arthur, Claude Rains",144738,1900000,https://www.imdb.com/title/tt0031679/
194,195,Sherlock Jr.,1924,8.2,"Action, Comedy, Romance",0,0,Buster Keaton,Jean C. Havez(story)Joseph A. Mitchell(story)Clyde Bruckman(story),"Buster Keaton, Kathryn McGuire, Joe Keaton",0,0,https://www.imdb.com/title/tt0015324/
195,196,Salinui chueok,2003,8.1,"Crime, Drama, Mystery",898,82,Bong Joon Ho,Bong Joon HoKwang-rim Kim(play)Sung-bo Shim,"Song Kang-ho, Kim Sang-kyung, Roe-ha Kim",1166717,2800000,https://www.imdb.com/title/tt0353969/
196,197,Relatos salvajes,2014,8.1,"Comedy, Drama, Thriller",2043,77,Damián Szifron,Germán Servidio(collaborating writer)Damián Szifron,"Darío Grandinetti, María Marull, Mónica Villa",31061476,3300000,https://www.imdb.com/title/tt3011894/
197,198,Det sjunde inseglet,1957,8.1,"Drama, Fantasy",2965,88,Ingmar Bergman,"Ingmar Bergman(play ""Trämålning"")","Max von Sydow, Gunnar Björnstrand, Bengt Ekerot",311212,150000,https://www.imdb.com/title/tt0050976/
198,199,Room,2015,8.1,"Drama, Thriller",1205,86,Lenny Abrahamson,Emma Donoghue(screenplay by),"Brie Larson, Jacob Tremblay, Sean Bridgers",35401758,13000000,https://www.imdb.com/title/tt3170832/
199,200,Mad Max: Fury Road,2015,8.1,"Action, Adventure, Sci-Fi",405,90,George Miller,George MillerBrendan McCarthyNick Lathouris,"Tom Hardy, Charlize Theron, Nicholas Hoult",389561515,150000000,https://www.imdb.com/title/tt1392190/
200,201,Mary and Max.,2009,8.1,"Animation, Comedy, Drama",4623,0,Adam Elliot,Adam Elliot,"Toni Collette, Philip Seymour Hoffman, Eric Bana",1740429,8240000,https://www.imdb.com/title/tt0978762/
201,202,How to Train Your Dragon,2010,8.1,"Animation, Action, Adventure",1316,75,Dean DeBloisChris Sanders,Will Davies(screenplay by)Dean DeBlois(screenplay by)Chris Sanders(screenplay by),"Jay Baruchel, Gerard Butler, Christopher Mintz-Plasse",494879471,165000000,https://www.imdb.com/title/tt0892769/
202,203,The Big Lebowski,1998,8.1,"Comedy, Crime",401,71,Joel CoenEthan Coen(uncredited),Ethan CoenJoel Coen,"Jeff Bridges, John Goodman, Julianne Moore",46969409,15000000,https://www.imdb.com/title/tt0118715/
203,204,"Monsters, Inc.",2001,8.1,"Animation, Adventure, Comedy",767,79,Pete DocterDavid Silverman(co-director)Lee Unkrich(co-director),Pete Docter(original story by)Jill Culton(original story by)Jeff Pidgeon(original story by),"Billy Crystal, John Goodman, Mary Gibbs",579707738,115000000,https://www.imdb.com/title/tt0198781/
204,205,Jaws,1975,8.1,"Adventure, Thriller",554,87,Steven Spielberg,Peter Benchley(screenplay)Carl Gottlieb(screenplay),"Roy Scheider, Robert Shaw, Richard Dreyfuss",476512065,7000000,https://www.imdb.com/title/tt0073195/
205,206,Dead Poets Society,1989,8.1,"Comedy, Drama",736,79,Peter Weir,Tom Schulman,"Robin Williams, Robert Sean Leonard, Ethan Hawke",235860116,16400000,https://www.imdb.com/title/tt0097165/
206,207,La passion de Jeanne d'Arc,1928,8.2,"Biography, Drama, History",0,0,Carl Theodor Dreyer,Joseph DelteilCarl Theodor Dreyer,"Maria Falconetti, Eugene Silvain, André Berley",21877,0,https://www.imdb.com/title/tt0019254/
207,208,Tôkyô monogatari,1953,8.2,Drama,0,0,Yasujirô Ozu,Kôgo Noda(scenario)Yasujirô Ozu(scenario),"Chishû Ryû, Chieko Higashiyama, Sô Yamamura",37880,0,https://www.imdb.com/title/tt0046438/
208,209,Hotel Rwanda,2004,8.1,"Biography, Drama, History",3647,79,Terry George,Keir PearsonTerry George,"Don Cheadle, Sophie Okonedo, Joaquin Phoenix",33882243,17500000,https://www.imdb.com/title/tt0395169/
209,210,Ford v Ferrari,2019,8.1,"Action, Biography, Drama",422,81,James Mangold,Jez ButterworthJohn-Henry ButterworthJason Keller,"Matt Damon, Christian Bale, Jon Bernthal",225508210,97600000,https://www.imdb.com/title/tt1950186/
210,211,Rocky,1976,8.1,"Drama, Sport",823,70,John G. Avildsen,Sylvester Stallone,"Sylvester Stallone, Talia Shire, Burt Young",117250402,960000,https://www.imdb.com/title/tt0075148/
211,212,Platoon,1986,8.1,"Drama, War",989,92,Oliver Stone,Oliver Stone,"Charlie Sheen, Tom Berenger, Willem Dafoe",138545632,6000000,https://www.imdb.com/title/tt0091763/
212,213,Stand by Me,1986,8.1,"Adventure, Drama",380,75,Rob Reiner,"Stephen King(novella ""The Body"")Raynold Gideon(screenplay)Bruce A. Evans(screenplay)","Wil Wheaton, River Phoenix, Corey Feldman",52287414,8000000,https://www.imdb.com/title/tt0092005/
213,214,The Terminator,1984,8.1,"Action, Sci-Fi",654,84,James Cameron,James CameronGale Anne HurdWilliam Wisher(additional dialogue),"Arnold Schwarzenegger, Linda Hamilton, Michael Biehn",78371200,6400000,https://www.imdb.com/title/tt0088247/
214,215,Spotlight,2015,8.1,"Biography, Crime, Drama",919,93,Tom McCarthy,Josh SingerTom McCarthy,"Mark Ruffalo, Michael Keaton, Rachel McAdams",98690254,20000000,https://www.imdb.com/title/tt1895587/
215,216,Pather Panchali,1955,8.3,Drama,0,0,Satyajit Ray,Bibhutibhushan Bandyopadhyay(novel)Satyajit Ray(screenplay),"Kanu Bannerjee, Karuna Bannerjee, Subir Banerjee",135342,0,https://www.imdb.com/title/tt0048473/
216,217,Logan,2017,8.1,"Action, Drama, Sci-Fi",661,77,James Mangold,James Mangold(story by)Scott Frank(screenplay by)Michael Green(screenplay by),"Hugh Jackman, Patrick Stewart, Dafne Keen",619179950,97000000,https://www.imdb.com/title/tt3315342/
217,218,Rush,2013,8.1,"Action, Biography, Drama",1148,74,Ron Howard,Peter Morgan,"Daniel Brühl, Chris Hemsworth, Olivia Wilde",96983009,38000000,https://www.imdb.com/title/tt1979320/
218,219,Ratatouille,2007,8.1,"Animation, Adventure, Comedy",617,96,Brad BirdJan Pinkava(co-director),Brad Bird(screenwriter)Jan Pinkava(original story by)Jim Capobianco(original story by),"Brad Garrett, Lou Romano, Patton Oswalt",623726085,150000000,https://www.imdb.com/title/tt0382932/
219,220,Network,1976,8.1,Drama,3265,83,Sidney Lumet,Paddy Chayefsky(by),"Faye Dunaway, William Holden, Peter Finch",23690757,3800000,https://www.imdb.com/title/tt0074958/
220,221,Into the Wild,2007,8.1,"Adventure, Biography, Drama",783,73,Sean Penn,Sean Penn(screenplay)Jon Krakauer(book),"Emile Hirsch, Vince Vaughn, Catherine Keener",56675895,15000000,https://www.imdb.com/title/tt0758758/
221,222,The Wizard of Oz,1939,8.1,"Adventure, Family, Fantasy",501,92,Victor FlemingGeorge Cukor(uncredited)Mervyn LeRoy(uncredited),Noel Langley(screenplay)Florence Ryerson(screenplay)Edgar Allan Woolf(screenplay),"Judy Garland, Frank Morgan, Ray Bolger",25637669,2777000,https://www.imdb.com/title/tt0032138/
222,223,Before Sunset,2004,8.1,"Drama, Romance",2647,90,Richard Linklater,Richard Linklater(screenplay)Julie Delpy(screenplay)Ethan Hawke(screenplay),"Ethan Hawke, Julie Delpy, Vernon Dobtcheff",15849759,2700000,https://www.imdb.com/title/tt0381681/
223,224,Groundhog Day,1993,8.1,"Comedy, Drama, Fantasy",1456,72,Harold Ramis,Danny Rubin(story by)Harold Ramis(screenplay by),"Bill Murray, Andie MacDowell, Chris Elliott",71108591,14600000,https://www.imdb.com/title/tt0107048/
224,225,Everything Everywhere All at Once,2022,8.1,"Action, Adventure, Comedy",39,81,Dan KwanDaniel Scheinert,Dan KwanDaniel Scheinert,"Michelle Yeoh, Stephanie Hsu, Jamie Lee Curtis",101841757,25000000,https://www.imdb.com/title/tt6710474/
225,226,The Exorcist,1973,8.1,Horror,75,81,William Friedkin,William Peter Blatty(written for the screen by),"Ellen Burstyn, Max von Sydow, Linda Blair",441306145,11000000,https://www.imdb.com/title/tt0070047/
226,227,Jai Bhim,2021,8.9,"Crime, Drama, Mystery",3934,0,T.J. Gnanavel,T.J. GnanavelRajendra Sapre(hindi dialogue),"Suriya, Lijo Mol Jose, Manikandan K.",0,0,https://www.imdb.com/title/tt15097216/
227,228,The Best Years of Our Lives,1946,8.1,"Drama, Romance, War",0,93,William Wyler,Robert E. Sherwood(screen play)MacKinlay Kantor(from a novel by),"Myrna Loy, Dana Andrews, Fredric March",23661050,2100000,https://www.imdb.com/title/tt0036868/
228,229,The Incredibles,2004,8.0,"Animation, Action, Adventure",902,90,Brad Bird,Brad Bird,"Craig T. Nelson, Samuel L. Jackson, Holly Hunter",631607053,92000000,https://www.imdb.com/title/tt0317705/
229,230,To Be or Not to Be,1942,8.2,"Comedy, Romance, War",0,86,Ernst Lubitsch,Melchior Lengyel(original story)Edwin Justus Mayer(screenplay)Ernst Lubitsch(original story),"Carole Lombard, Jack Benny, Robert Stack",4578000,0,https://www.imdb.com/title/tt0035446/
230,231,La battaglia di Algeri,1966,8.1,"Drama, War",0,96,Gillo Pontecorvo,Franco Solinas(story)Gillo Pontecorvo(story),"Brahim Hadjadj, Jean Martin, Yacef Saadi",962002,800000,https://www.imdb.com/title/tt0058946/
231,232,Hachi: A Dog's Tale,2009,8.1,"Biography, Drama, Family",2406,0,Lasse Hallström,"Stephen P. Lindsey(screenplay)Kaneto Shindô(motion picture ""Hachiko monogatari"")","Richard Gere, Joan Allen, Cary-Hiroyuki Tagawa",46749646,16000000,https://www.imdb.com/title/tt1028532/
232,233,The Grapes of Wrath,1940,8.1,Drama,0,96,John Ford,Nunnally Johnson(screen play)John Steinbeck(based on the novel by),"Henry Fonda, Jane Darwell, John Carradine",0,800000,https://www.imdb.com/title/tt0032551/
233,234,Pirates of the Caribbean: The Curse of the Black Pearl,2003,8.1,"Action, Adventure, Fantasy",411,63,Gore Verbinski,Ted Elliott(screen story)Terry Rossio(screen story)Stuart Beattie(screen story),"Johnny Depp, Geoffrey Rush, Orlando Bloom",654264015,140000000,https://www.imdb.com/title/tt0325980/
234,235,Amores perros,2000,8.1,"Drama, Thriller",3129,83,Alejandro G. Iñárritu,Guillermo Arriaga,"Emilio Echevarría, Gael García Bernal, Goya Toledo",20908467,2000000,https://www.imdb.com/title/tt0245712/
235,236,Babam ve Oglum,2005,8.2,"Drama, Family",0,0,Çagan Irmak,Çagan Irmak,"Çetin Tekindor, Fikret Kuskan, Hümeyra",18612999,0,https://www.imdb.com/title/tt0476735/
236,237,Rebecca,1940,8.1,"Drama, Film-Noir, Mystery",3105,86,Alfred Hitchcock,Daphne Du Maurier(celebrated novel)Robert E. Sherwood(screen play)Joan Harrison(screen play),"Laurence Olivier, Joan Fontaine, George Sanders",72275,1288000,https://www.imdb.com/title/tt0032976/
237,238,La haine,1995,8.1,"Crime, Drama",2441,0,Mathieu Kassovitz,Mathieu Kassovitz,"Vincent Cassel, Hubert Koundé, Saïd Taghmaoui",412914,2590000,https://www.imdb.com/title/tt0113247/
238,239,Cool Hand Luke,1967,8.1,"Crime, Drama",1920,92,Stuart Rosenberg,Donn Pearce(screenplay)Frank Pierson(screenplay)Hal Dresner(uncredited),"Paul Newman, George Kennedy, Strother Martin",67,3200000,https://www.imdb.com/title/tt0061512/
239,240,Les quatre cents coups,1959,8.1,"Crime, Drama",0,0,François Truffaut,François Truffaut(scenario)Marcel Moussy(adaptation),"Jean-Pierre Léaud, Albert Rémy, Claire Maurier",127244,0,https://www.imdb.com/title/tt0053198/
240,241,Ah-ga-ssi,2016,8.1,"Drama, Romance, Thriller",504,84,Park Chan-wook,"Sarah Waters(inspired by the novel ""Fingersmith"" by)Jeong Seo-kyeong(screenplay)Park Chan-wook(screenplay)","Kim Min-hee, Ha Jung-woo, Cho Jin-woong",37854655,10000000000,https://www.imdb.com/title/tt4016934/
241,242,It Happened One Night,1934,8.1,"Comedy, Romance",4345,87,Frank Capra,Robert Riskin(screen play)Samuel Hopkins Adams(based on the short story by),"Clark Gable, Claudette Colbert, Walter Connolly",0,325000,https://www.imdb.com/title/tt0025316/
242,243,Persona,1966,8.1,"Drama, Thriller",3601,86,Ingmar Bergman,Ingmar Bergman(story and screenplay),"Bibi Andersson, Liv Ullmann, Margaretha Krook",90556,0,https://www.imdb.com/title/tt0060827/
243,244,The Sound of Music,1965,8.1,"Biography, Drama, Family",1120,63,Robert Wise,Georg Hurdalek(with the partial use of ideas by)Howard Lindsay(from the stage musical book by)Russel Crouse(from the stage musical book by),"Julie Andrews, Christopher Plummer, Eleanor Parker",159428329,8200000,https://www.imdb.com/title/tt0059742/
244,245,Life of Brian,1979,8.0,Comedy,2810,77,Terry Jones,Graham ChapmanJohn CleeseTerry Gilliam,"Graham Chapman, John Cleese, Michael Palin",20745728,4000000,https://www.imdb.com/title/tt0079470/
245,246,Dersu Uzala,1975,8.2,"Adventure, Biography, Drama",0,0,Akira Kurosawa,"Akira Kurosawa(screenplay)Yuriy Nagibin(screenplay)Vladimir Arsenev(novel ""Dersu, okhotnik"")","Maksim Munzuk, Yuriy Solomin, Mikhail Bychkov",14480,4000000,https://www.imdb.com/title/tt0071411/
246,247,Aladdin,1992,8.0,"Animation, Adventure, Comedy",1444,86,Ron ClementsJohn Musker,Ron Clements(screenplay by)John Musker(screenplay by)Ted Elliott(screenplay by),"Scott Weinger, Robin Williams, Linda Larkin",504050219,28000000,https://www.imdb.com/title/tt0103639/
247,248,The Help,2011,8.1,Drama,798,62,Tate Taylor,Tate Taylor(screenplay)Kathryn Stockett(novel),"Viola Davis, Emma Stone, Octavia Spencer",216639112,25000000,https://www.imdb.com/title/tt1454029/
248,249,Gandhi,1982,8.1,"Biography, Drama",3351,79,Richard Attenborough,John Briley,"Ben Kingsley, John Gielgud, Rohini Hattangadi",52767889,22000000,https://www.imdb.com/title/tt0083987/
249,250,The Iron Giant,1999,8.1,"Animation, Action, Adventure",1922,85,Brad Bird,"Tim McCanlies(screenplay by)Brad Bird(screen story by)Ted Hughes(based on the book ""The Iron Man"" by)","Eli Marienthal, Harry Connick Jr., Jennifer Aniston",23335817,70000000,https://www.imdb.com/title/tt0129167/
